Workbook

Sheet Master_Combined
A1: Genome_ID | B1: Year | C1: Antibiotic_Name | D1: Resistant_Phenotype | E1: MIC_Value | F1: MIC_Unit | G1: blaKPC | H1: blaKPC-2 | I1: blaKPC-3 | J1: blaNDM | K1: blaNDM-1 | L1: blaNDM-5 | M1: blaOXA-48 | N1: blaOXA-181 | O1: blaOXA-232 | P1: blaCTX-M | Q1: blaCTX-M-15 | R1: blaSHV | S1: blaTEM | T1: mgrB | U1: phoPQ | V1: pmrAB | W1: ompK35 | X1: ompK36 | Y1: ompK37 | Z1: aac(6')-Ib | AA1: aac(6')-Ib-cr | AB1: armA | AC1: rmtB | AD1: rmtF | AE1: tet(A) | AF1: tet(B) | AG1: tetX | AH1: mcr-1 | AI1: mcr-8 | AJ1: Gene_Count | AK1: Gene_Risk_Score | AL1: Year_Total_Tested | AM1: Year_Resistant_Count | AN1: Year_Resistance_% | AO1: Forecast_%_2025 | AP1: Forecast_%_2026 | AQ1: Forecast_%_2027 | AR1: Forecast_%_2028 | AS1: Forecast_%_2029 | AT1: Forecast_%_2030 | AU1: Forecast_%_2031 | AV1: Forecast_Method
A2: 573.1000 | B2: 2004 | C2: Ceftazidime | D2: 0 | E2: 16 | F2: mg/L | G2: 0 | H2: 0 | I2: 0 | J2: 0 | K2: 0 | L2: 1 | M2: 0 | N2: 0 | O2: 0 | P2: 0 | Q2: 0 | R2: 0 | S2: 0 | T2: 0 | U2: 0 | V2: 0 | W2: 1 | X2: 0 | Y2: 0 | Z2: 1 | AA2: 0 | AB2: 0 | AC2: 0 | AD2: 1 | AE2: 1 | AF2: 0 | AG2: 0 | AH2: 0 | AI2: 0 | AJ2: =SUM(G2:AI2) -> 5 | AK2: =ROUND(SUMPRODUCT(G2:AI2,Gene_Weights!$B$2:$AD$2),3) -> -2.99 | AL2: 5 | AM2: 2 | AN2: 40 | AO2: 55.12 | AP2: 56.02 | AQ2: 56.92 | AR2: 57.82 | AS2: 58.72 | AT2: 59.62 | AU2: 60.52 | AV2: Trend_Extrapolation
A3: 573.1000 | B3: 2004 | C3: Ceftazidime-avibactam | D3: 0 | E3: 2 | F3: mg/L | G3: 0 | H3: 0 | I3: 0 | J3: 0 | K3: 0 | L3: 1 | M3: 0 | N3: 0 | O3: 0 | P3: 0 | Q3: 0 | R3: 0 | S3: 0 | T3: 0 | U3: 0 | V3: 0 | W3: 1 | X3: 0 | Y3: 0 | Z3: 1 | AA3: 0 | AB3: 0 | AC3: 0 | AD3: 1 | AE3: 1 | AF3: 0 | AG3: 0 | AH3: 0 | AI3: 0 | AJ3: =SUM(G3:AI3) -> 5 | AK3: =ROUND(SUMPRODUCT(G3:AI3,Gene_Weights!$B$2:$AD$2),3) -> -2.99 | AL3: 5 | AM3: 1 | AN3: 20 | AO3: 64.53 | AP3: 66.13 | AQ3: 67.73 | AR3: 69.33 | AS3: 70.93 | AT3: 72.53 | AU3: 74.13 | AV3: Trend_Extrapolation
A4: 573.1000 | B4: 2004 | C4: Colistin | D4: 0 | E4: 4 | F4: mg/L | G4: 0 | H4: 0 | I4: 0 | J4: 0 | K4: 0 | L4: 1 | M4: 0 | N4: 0 | O4: 0 | P4: 0 | Q4: 0 | R4: 0 | S4: 0 | T4: 0 | U4: 0 | V4: 0 | W4: 1 | X4: 0 | Y4: 0 | Z4: 1 | AA4: 0 | AB4: 0 | AC4: 0 | AD4: 1 | AE4: 1 | AF4: 0 | AG4: 0 | AH4: 0 | AI4: 0 | AJ4: =SUM(G4:AI4) -> 5 | AK4: =ROUND(SUMPRODUCT(G4:AI4,Gene_Weights!$B$2:$AD$2),3) -> -2.99 | AL4: 5 | AM4: 1 | AN4: 20 | AO4: 52.86 | AP4: 53.65 | AQ4: 54.45 | AR4: 55.24 | AS4: 56.03 | AT4: 56.83 | AU4: 57.62 | AV4: Trend_Extrapolation
A5: 573.1000 | B5: 2004 | C5: Ceftriaxone | D5: 1 | E5: 16 | F5: mg/L | G5: 0 | H5: 0 | I5: 0 | J5: 0 | K5: 0 | L5: 1 | M5: 0 | N5: 0 | O5: 0 | P5: 0 | Q5: 0 | R5: 0 | S5: 0 | T5: 0 | U5: 0 | V5: 0 | W5: 1 | X5: 0 | Y5: 0 | Z5: 1 | AA5: 0 | AB5: 0 | AC5: 0 | AD5: 1 | AE5: 1 | AF5: 0 | AG5: 0 | AH5: 0 | AI5: 0 | AJ5: =SUM(G5:AI5) -> 5 | AK5: =ROUND(SUMPRODUCT(G5:AI5,Gene_Weights!$B$2:$AD$2),3) -> -2.99 | AL5: 5 | AM5: 1 | AN5: 20 | AO5: 81.84 | AP5: 84.45 | AQ5: 87.06 | AR5: 89.67 | AS5: 92.27 | AT5: 94.88 | AU5: 97.49 | AV5: Trend_Extrapolation
A6: 573.1000 | B6: 2004 | C6: Meropenem | D6: 0 | E6: 2 | F6: mg/L | G6: 0 | H6: 0 | I6: 0 | J6: 0 | K6: 0 | L6: 1 | M6: 0 | N6: 0 | O6: 0 | P6: 0 | Q6: 0 | R6: 0 | S6: 0 | T6: 0 | U6: 0 | V6: 0 | W6: 1 | X6: 0 | Y6: 0 | Z6: 1 | AA6: 0 | AB6: 0 | AC6: 0 | AD6: 1 | AE6: 1 | AF6: 0 | AG6: 0 | AH6: 0 | AI6: 0 | AJ6: =SUM(G6:AI6) -> 5 | AK6: =ROUND(SUMPRODUCT(G6:AI6,Gene_Weights!$B$2:$AD$2),3) -> -2.99 | AL6: 5 | AM6: 3 | AN6: 60 | AO6: 58.19 | AP6: 59.74 | AQ6: 61.3 | AR6: 62.86 | AS6: 64.42 | AT6: 65.98 | AU6: 67.53 | AV6: Trend_Extrapolation
A7: 573.1000 | B7: 2004 | C7: Tigecycline | D7: 0 | E7: 32 | F7: mg/L | G7: 0 | H7: 0 | I7: 0 | J7: 0 | K7: 0 | L7: 1 | M7: 0 | N7: 0 | O7: 0 | P7: 0 | Q7: 0 | R7: 0 | S7: 0 | T7: 0 | U7: 0 | V7: 0 | W7: 1 | X7: 0 | Y7: 0 | Z7: 1 | AA7: 0 | AB7: 0 | AC7: 0 | AD7: 1 | AE7: 1 | AF7: 0 | AG7: 0 | AH7: 0 | AI7: 0 | AJ7: =SUM(G7:AI7) -> 5 | AK7: =ROUND(SUMPRODUCT(G7:AI7,Gene_Weights!$B$2:$AD$2),3) -> -2.99 | AL7: 5 | AM7: 1 | AN7: 20 | AO7: 75.59 | AP7: 78.01 | AQ7: 80.42 | AR7: 82.83 | AS7: 85.24 | AT7: 87.66 | AU7: 90.07 | AV7: Trend_Extrapolation
A8: 573.1001 | B8: 2000 | C8: Ceftazidime | D8: 1 | E8: 4 | F8: mg/L | G8: 1 | H8: 0 | I8: 0 | J8: 1 | K8: 1 | L8: 0 | M8: 0 | N8: 0 | O8: 0 | P8: 0 | Q8: 0 | R8: 0 | S8: 0 | T8: 0 | U8: 0 | V8: 0 | W8: 0 | X8: 1 | Y8: 1 | Z8: 1 | AA8: 0 | AB8: 0 | AC8: 0 | AD8: 0 | AE8: 1 | AF8: 0 | AG8: 0 | AH8: 0 | AI8: 1 | AJ8: =SUM(G8:AI8) -> 8 | AK8: =ROUND(SUMPRODUCT(G8:AI8,Gene_Weights!$B$2:$AD$2),3) -> -6.73 | AL8: 8 | AM8: 2 | AN8: 25 | AO8: 55.12 | AP8: 56.02 | AQ8: 56.92 | AR8: 57.82 | AS8: 58.72 | AT8: 59.62 | AU8: 60.52 | AV8: Trend_Extrapolation
A9: 573.1001 | B9: 2000 | C9: Ceftazidime-avibactam | D9: 0 | E9: 4 | F9: mg/L | G9: 1 | H9: 0 | I9: 0 | J9: 1 | K9: 1 | L9: 0 | M9: 0 | N9: 0 | O9: 0 | P9: 0 | Q9: 0 | R9: 0 | S9: 0 | T9: 0 | U9: 0 | V9: 0 | W9: 0 | X9: 1 | Y9: 1 | Z9: 1 | AA9: 0 | AB9: 0 | AC9: 0 | AD9: 0 | AE9: 1 | AF9: 0 | AG9: 0 | AH9: 0 | AI9: 1 | AJ9: =SUM(G9:AI9) -> 8 | AK9: =ROUND(SUMPRODUCT(G9:AI9,Gene_Weights!$B$2:$AD$2),3) -> -6.73 | AL9: 8 | AM9: 2 | AN9: 25 | AO9: 64.53 | AP9: 66.13 | AQ9: 67.73 | AR9: 69.33 | AS9: 70.93 | AT9: 72.53 | AU9: 74.13 | AV9: Trend_Extrapolation
A10: 573.1001 | B10: 2000 | C10: Colistin | D10: 0 | E10: 32 | F10: mg/L | G10: 1 | H10: 0 | I10: 0 | J10: 1 | K10: 1 | L10: 0 | M10: 0 | N10: 0 | O10: 0 | P10: 0 | Q10: 0 | R10: 0 | S10: 0 | T10: 0 | U10: 0 | V10: 0 | W10: 0 | X10: 1 | Y10: 1 | Z10: 1 | AA10: 0 | AB10: 0 | AC10: 0 | AD10: 0 | AE10: 1 | AF10: 0 | AG10: 0 | AH10: 0 | AI10: 1 | AJ10: =SUM(G10:AI10) -> 8 | AK10: =ROUND(SUMPRODUCT(G10:AI10,Gene_Weights!$B$2:$AD$2),3) -> -6.73 | AL10: 8 | AM10: 1 | AN10: 12.5 | AO10: 52.86 | AP10: 53.65 | AQ10: 54.45 | AR10: 55.24 | AS10: 56.03 | AT10: 56.83 | AU10: 57.62 | AV10: Trend_Extrapolation
A11: 573.1001 | B11: 2000 | C11: Ceftriaxone | D11: 0 | E11: 2 | F11: mg/L | G11: 1 | H11: 0 | I11: 0 | J11: 1 | K11: 1 | L11: 0 | M11: 0 | N11: 0 | O11: 0 | P11: 0 | Q11: 0 | R11: 0 | S11: 0 | T11: 0 | U11: 0 | V11: 0 | W11: 0 | X11: 1 | Y11: 1 | Z11: 1 | AA11: 0 | AB11: 0 | AC11: 0 | AD11: 0 | AE11: 1 | AF11: 0 | AG11: 0 | AH11: 0 | AI11: 1 | AJ11: =SUM(G11:AI11) -> 8 | AK11: =ROUND(SUMPRODUCT(G11:AI11,Gene_Weights!$B$2:$AD$2),3) -> -6.73 | AL11: 8 | AM11: 1 | AN11: 12.5 | AO11: 81.84 | AP11: 84.45 | AQ11: 87.06 | AR11: 89.67 | AS11: 92.27 | AT11: 94.88 | AU11: 97.49 | AV11: Trend_Extrapolation
A12: 573.1001 | B12: 2000 | C12: Meropenem | D12: 0 | E12: 4 | F12: mg/L | G12: 1 | H12: 0 | I12: 0 | J12: 1 | K12: 1 | L12: 0 | M12: 0 | N12: 0 | O12: 0 | P12: 0 | Q12: 0 | R12: 0 | S12: 0 | T12: 0 | U12: 0 | V12: 0 | W12: 0 | X12: 1 | Y12: 1 | Z12: 1 | AA12: 0 | AB12: 0 | AC12: 0 | AD12: 0 | AE12: 1 | AF12: 0 | AG12: 0 | AH12: 0 | AI12: 1 | AJ12: =SUM(G12:AI12) -> 8 | AK12: =ROUND(SUMPRODUCT(G12:AI12,Gene_Weights!$B$2:$AD$2),3) -> -6.73 | AL12: 8 | AM12: 0 | AN12: 0 | AO12: 58.19 | AP12: 59.74 | AQ12: 61.3 | AR12: 62.86 | AS12: 64.42 | AT12: 65.98 | AU12: 67.53 | AV12: Trend_Extrapolation
A13: 573.1001 | B13: 2000 | C13: Tigecycline | D13: 1 | E13: 2 | F13: mg/L | G13: 1 | H13: 0 | I13: 0 | J13: 1 | K13: 1 | L13: 0 | M13: 0 | N13: 0 | O13: 0 | P13: 0 | Q13: 0 | R13: 0 | S13: 0 | T13: 0 | U13: 0 | V13: 0 | W13: 0 | X13: 1 | Y13: 1 | Z13: 1 | AA13: 0 | AB13: 0 | AC13: 0 | AD13: 0 | AE13: 1 | AF13: 0 | AG13: 0 | AH13: 0 | AI13: 1 | AJ13: =SUM(G13:AI13) -> 8 | AK13: =ROUND(SUMPRODUCT(G13:AI13,Gene_Weights!$B$2:$AD$2),3) -> -6.73 | AL13: 8 | AM13: 2 | AN13: 25 | AO13: 75.59 | AP13: 78.01 | AQ13: 80.42 | AR13: 82.83 | AS13: 85.24 | AT13: 87.66 | AU13: 90.07 | AV13: Trend_Extrapolation
... A901: 573.1149 | B901: 2022 | C901: Tigecycline | D901: 0 | E901: 4 | F901: mg/L | G901: 0 | H901: 0 | I901: 0 | J901: 0 | K901: 0 | L901: 1 | M901: 0 | N901: 1 | O901: 0 | P901: 1 | Q901: 0 | R901: 0 | S901: 0 | T901: 0 | U901: 0 | V901: 0 | W901: 1 | X901: 0 | Y901: 1 | Z901: 0 | AA901: 1 | AB901: 1 | AC901: 0 | AD901: 0 | AE901: 1 | AF901: 0 | AG901: 0 | AH901: 1 | AI901: 1 | AJ901: =SUM(G901:AI901) -> 10 | AK901: =ROUND(SUMPRODUCT(G901:AI901,Gene_Weights!$B$2:$AD$2),3) -> -6.74 | AL901: 6 | AM901: 5 | AN901: 83.33 | AO901: 75.59 | AP901: 78.01 | AQ901: 80.42 | AR901: 82.83 | AS901: 85.24 | AT901: 87.66 | AU901: 90.07 | AV901: Trend_Extrapolation

Sheet Gene_Impact_Scores
A1: Gene | B1: Mean_Abs_SHAP | C1: Mean_Signed_SHAP | D1: Risk_Direction | E1: Approx_Risk_Contribution_%
A2: aac(6')-Ib | B2: 0.18981738 | C2: -0.0056755235 | D2: Decreases Resistance Risk | E2: -0.57
A3: blaCTX-M-15 | B3: 0.15249422 | C3: -0.01616789 | D3: Decreases Resistance Risk | E3: -1.62
A4: armA | B4: 0.13955773 | C4: 0.00041912132 | D4: Increases Resistance Risk | E4: 0.04
A5: blaKPC-3 | B5: 0.13366787 | C5: -0.004199085 | D5: Decreases Resistance Risk | E5: -0.42
A6: blaKPC-2 | B6: 0.13140087 | C6: 9.022445e-05 | D6: Increases Resistance Risk | E6: 0.01
A7: blaSHV | B7: 0.12836738 | C7: -0.019114444 | D7: Decreases Resistance Risk | E7: -1.91
A8: mcr-1 | B8: 0.1145775 | C8: -0.006756413 | D8: Decreases Resistance Risk | E8: -0.68
A9: pmrAB | B9: 0.10700566 | C9: -0.0066320063 | D9: Decreases Resistance Risk | E9: -0.66
A10: phoPQ | B10: 0.10507982 | C10: -0.015650086 | D10: Decreases Resistance Risk | E10: -1.57
A11: mgrB | B11: 0.0869976 | C11: -0.009630229 | D11: Decreases Resistance Risk | E11: -0.96
A12: rmtF | B12: 0.08329257 | C12: -0.0034428812 | D12: Decreases Resistance Risk | E12: -0.34
A13: ompK35 | B13: 0.077636026 | C13: -0.0054069012 | D13: Decreases Resistance Risk | E13: -0.54
... A30: blaCTX-M | B30: 0.03914668 | C30: -0.0042299726 | D30: Decreases Resistance Risk | E30: -0.42

Sheet Gene_Weights
A1: Gene | B1: blaKPC | C1: blaKPC-2 | D1: blaKPC-3 | E1: blaNDM | F1: blaNDM-1 | G1: blaNDM-5 | H1: blaOXA-48 | I1: blaOXA-181 | J1: blaOXA-232 | K1: blaCTX-M | L1: blaCTX-M-15 | M1: blaSHV | N1: blaTEM | O1: mgrB | P1: phoPQ | Q1: pmrAB | R1: ompK35 | S1: ompK36 | T1: ompK37 | U1: aac(6')-Ib | V1: aac(6')-Ib-cr | W1: armA | X1: rmtB | Y1: rmtF | Z1: tet(A) | AA1: tet(B) | AB1: tetX | AC1: mcr-1 | AD1: mcr-8
A2: Approx_Risk_Contribution_% | B2: =INDEX(Gene_Impact_Scores!$E$2:$E$30,MATCH(B$1,Gene_Impact_Scores!$A$2:$A$30,0)) -> -0.3 | C2: =INDEX(Gene_Impact_Scores!$E$2:$E$30,MATCH(C$1,Gene_Impact_Scores!$A$2:$A$30,0)) -> 0.01 | D2: =INDEX(Gene_Impact_Scores!$E$2:$E$30,MATCH(D$1,Gene_Impact_Scores!$A$2:$A$30,0)) -> -0.42 | E2: =INDEX(Gene_Impact_Scores!$E$2:$E$30,MATCH(E$1,Gene_Impact_Scores!$A$2:$A$30,0)) -> -1.26 | F2: =INDEX(Gene_Impact_Scores!$E$2:$E$30,MATCH(F$1,Gene_Impact_Scores!$A$2:$A$30,0)) -> -1.27 | G2: =INDEX(Gene_Impact_Scores!$E$2:$E$30,MATCH(G$1,Gene_Impact_Scores!$A$2:$A$30,0)) -> -1.56 | H2: =INDEX(Gene_Impact_Scores!$E$2:$E$30,MATCH(H$1,Gene_Impact_Scores!$A$2:$A$30,0)) -> -1.1 | I2: =INDEX(Gene_Impact_Scores!$E$2:$E$30,MATCH(I$1,Gene_Impact_Scores!$A$2:$A$30,0)) -> -0.28 | ... AD2: =INDEX(Gene_Impact_Scores!$E$2:$E$30,MATCH(AD$1,Gene_Impact_Scores!$A$2:$A$30,0)) -> -1.78

Sheet Yearly_Trends
A1: Year | B1: Antibiotic_Name | C1: Total_Tested | D1: Resistant_Count | E1: Resistance_Percentage
A2: 1998 | B2: Ceftazidime | C2: 4 | D2: 3 | E2: 75
A3: 1998 | B3: Ceftazidime-avibactam | C3: 4 | D3: 2 | E3: 50
A4: 1998 | B4: Ceftriaxone | C4: 4 | D4: 0 | E4: 0
A5: 1998 | B5: Colistin | C5: 4 | D5: 1 | E5: 25
A6: 1998 | B6: Meropenem | C6: 4 | D6: 1 | E6: 25
A7: 1998 | B7: Tigecycline | C7: 4 | D7: 0 | E7: 0
A8: 1999 | B8: Ceftazidime | C8: 2 | D8: 1 | E8: 50
A9: 1999 | B9: Ceftazidime-avibactam | C9: 2 | D9: 1 | E9: 50
A10: 1999 | B10: Ceftriaxone | C10: 2 | D10: 1 | E10: 50
A11: 1999 | B11: Colistin | C11: 2 | D11: 1 | E11: 50
A12: 1999 | B12: Meropenem | C12: 2 | D12: 0 | E12: 0
A13: 1999 | B13: Tigecycline | C13: 2 | D13: 0 | E13: 0
... A163: 2024 | B163: Tigecycline | C163: 7 | D163: 5 | E163: 71.43

Sheet Forecast_2031
A1: Antibiotic_Name | B1: Year | C1: Forecast_Resistance_% | D1: Forecast_Method
A2: Ceftazidime | B2: 2025 | C2: 55.12 | D2: Trend_Extrapolation
A3: Ceftazidime | B3: 2026 | C3: 56.02 | D3: Trend_Extrapolation
A4: Ceftazidime | B4: 2027 | C4: 56.92 | D4: Trend_Extrapolation
A5: Ceftazidime | B5: 2028 | C5: 57.82 | D5: Trend_Extrapolation
A6: Ceftazidime | B6: 2029 | C6: 58.72 | D6: Trend_Extrapolation
A7: Ceftazidime | B7: 2030 | C7: 59.62 | D7: Trend_Extrapolation
A8: Ceftazidime | B8: 2031 | C8: 60.52 | D8: Trend_Extrapolation
A9: Ceftazidime-avibactam | B9: 2025 | C9: 64.53 | D9: Trend_Extrapolation
A10: Ceftazidime-avibactam | B10: 2026 | C10: 66.13 | D10: Trend_Extrapolation
A11: Ceftazidime-avibactam | B11: 2027 | C11: 67.73 | D11: Trend_Extrapolation
A12: Ceftazidime-avibactam | B12: 2028 | C12: 69.33 | D12: Trend_Extrapolation
A13: Ceftazidime-avibactam | B13: 2029 | C13: 70.93 | D13: Trend_Extrapolation
... A43: Tigecycline | B43: 2031 | C43: 90.07 | D43: Trend_Extrapolation

Sheet Notes
A1: AMR master workbook - how it was built
A2: Master_Combined: phenotypic_amr_data (genome x antibiotic) is the base table; 900 rows.
A3: Green columns = binary_gene_matrix, joined on Genome_ID (read as text so 573.1000 is not turned into 573.1).
A4: Yellow columns = formulas: Gene_Count = SUM of gene flags; Gene_Risk_Score = SUMPRODUCT(gene flags, Gene_Weights).
A5: Gene_Weights pulls Approx_Risk_Contribution_% from Gene_Impact_Scores by gene name. Weights are global averages, so the score is a rough summary, not a per-genome SHAP value.
A6: Year_* columns = yearly_resistance_trends, joined on Year + Antibiotic_Name (population-wide rate for that antibiotic and year).
A7: Blue columns = forecast_2031_results pivoted to one column per year (2025-2031), joined on Antibiotic_Name. Method: Trend_Extrapolation.
A8: Trend and forecast values repeat across rows of the same antibiotic/year; aggregate before treating them as independent samples.
A9: If training ML models on this sheet, exclude Year_Resistance_% and Forecast_% columns as features (derived from the same labels).
